date,open,high,low,close,volume
2026-05-11T16:00:00-04:00,81964.02,82068.63,81748.99,81791.83,995632546463.0
2026-05-11T15:00:00-04:00,81864.54,82082.12,81722.14,81955.03,611857534976.0
2026-05-11T14:00:00-04:00,81913.02,82131.17,81833.99,81840.3,529303867392.0
2026-05-11T13:00:00-04:00,81579.72,82038.14,81348.85,81931.6,636347748352.0
2026-05-11T12:00:00-04:00,81428.8,81899.37,81319.93,81551.99,477851975295.0
2026-05-11T11:00:00-04:00,80921.78,81428.3,80791.93,81422.95,768173363200.0
2026-05-11T10:00:00-04:00,81029.01,81222.18,80453.94,80912.97,463755091968.0
2026-05-11T09:00:00-04:00,81036.0,81241.07,81028.26,81241.07,254080661.78287652
2026-05-11T08:00:00-04:00,81187.5,81347.66,81002.03,81035.67,1235220480.0
2026-05-11T07:00:00-04:00,80927.28,81186.04,80888.88,81186.04,330258085.3696353
2026-05-11T06:00:00-04:00,80944.65,81191.87,80916.16,80927.28,531736951.3321406
2026-05-11T05:00:00-04:00,80743.44,80987.63,80733.53,80944.65,1009555312.5185455
2026-05-11T04:00:00-04:00,80722.18,80849.39,80595.35,80743.44,612956729.4481344
2026-05-11T03:00:00-04:00,80814.09,80820.0,80650.02,80722.19,624146427.507571
2026-05-11T02:00:00-04:00,80810.0,81030.0,80743.5,80814.08,643489989.7603326
2026-05-11T01:00:00-04:00,80798.0,80959.06,80734.23,80809.99,451925095.46144223
2026-05-11T00:00:00-04:00,80717.0,80865.0,80619.84,80798.01,395752741.067635
2026-05-10T23:00:00-04:00,81161.32,81171.98,80504.01,80717.0,1267402842.0848992
2026-05-10T22:00:00-04:00,81487.11,81550.0,81093.01,81161.46,606186312.3437274
2026-05-10T21:00:00-04:00,81448.03,81727.52,81268.78,81487.11,1384873746.7521093
2026-05-10T20:00:00-04:00,82199.99,82379.0,81257.96,81448.03,2121962244.201234
2026-05-10T19:00:00-04:00,82040.32,82450.0,82034.54,82199.99,1616095582.4892104
2026-05-10T18:00:00-04:00,80702.6,82153.95,80661.99,82042.44,2991888057.237611
2026-05-10T17:00:00-04:00,80723.5,80937.53,80571.68,80702.61,1390294221.1795766
2026-05-10T16:00:00-04:00,81425.14,81449.21,80273.86,80724.73,1870563070.0507736
2026-05-10T15:00:00-04:00,81268.55,81476.99,81140.58,81425.13,368632171.13777554
2026-05-10T14:00:00-04:00,81471.67,81491.94,81210.87,81268.56,629933184.6014173
2026-05-10T13:00:00-04:00,81357.27,81567.99,81204.0,81471.42,478771227.12195957
2026-05-10T12:00:00-04:00,81408.11,81489.26,81175.68,81357.27,608789012.805302
2026-05-10T11:00:00-04:00,80994.02,81437.77,80922.14,81408.11,718657703.065268
2026-05-10T10:00:00-04:00,80962.34,80994.01,80800.0,80994.01,231571557.87645084
2026-05-10T09:00:00-04:00,80921.95,80998.99,80853.49,80962.33,66389438.40724051
2026-05-10T08:00:00-04:00,80790.0,80943.09,80761.32,80924.01,62436436.61553902
2026-05-10T07:00:00-04:00,80849.58,80959.04,80727.51,80794.0,351968683.462136
2026-05-10T06:00:00-04:00,80794.02,80874.72,80676.0,80848.06,352988460.01854014
2026-05-10T05:00:00-04:00,80821.47,80899.76,80734.23,80794.02,96148355.78486967
2026-05-10T04:00:00-04:00,80725.84,80891.98,80704.81,80818.99,147736360.90356907
2026-05-10T03:00:00-04:00,80724.06,80798.12,80711.09,80725.85,100844711.1070681
2026-05-10T02:00:00-04:00,80679.99,80751.78,80619.59,80724.06,44027496.76330819
2026-05-10T01:00:00-04:00,80746.26,80802.0,80666.0,80679.99,185225075.65095294
2026-05-10T00:00:00-04:00,80752.23,80836.0,80714.0,80747.09,55217474.15989412
2026-05-09T23:00:00-04:00,80767.32,80876.05,80692.09,80752.23,44108504.888839744
2026-05-09T22:00:00-04:00,80664.01,80777.54,80586.73,80767.32,98638279.82787141
2026-05-09T21:00:00-04:00,80664.0,80675.22,80552.73,80664.0,120055092.22256905
2026-05-09T20:00:00-04:00,80655.97,80758.3,80607.8,80663.99,177174833.55364415
2026-05-09T19:00:00-04:00,80757.0,80832.67,80603.22,80655.96,104911567.68383053
2026-05-09T18:00:00-04:00,80767.34,80812.48,80661.0,80756.99,140630977.4529305
2026-05-09T17:00:00-04:00,80797.43,80887.72,80732.0,80767.34,18840335.60781052
2026-05-09T16:00:00-04:00,80939.01,80939.02,80730.0,80797.42,224939800.8438635
2026-05-09T15:00:00-04:00,80898.73,80955.0,80769.0,80939.02,454278150.3959048
2026-05-09T14:00:00-04:00,80795.4,81065.32,80773.56,80898.41,336119310.6469806
2026-05-09T13:00:00-04:00,80609.51,80909.0,80608.09,80794.61,78080719.5151794
2026-05-09T12:00:00-04:00,80523.96,80775.9,80469.4,80609.3,158345847.65959364
2026-05-09T11:00:00-04:00,80325.1,80595.0,80214.33,80523.95,67201737.34655727
2026-05-09T10:00:00-04:00,80391.52,80421.17,80241.38,80325.1,5774580.363849365
2026-05-09T09:00:00-04:00,80393.61,80424.13,80306.8,80391.53,8026049.863305654
2026-05-09T08:00:00-04:00,80315.98,80412.75,80253.33,80387.71,484381758.2124654
2026-05-09T07:00:00-04:00,80256.61,80366.4,80241.58,80315.98,36421808.79801323
2026-05-09T06:00:00-04:00,80236.74,80342.36,80160.0,80258.49,328929268.7506141
2026-05-09T05:00:00-04:00,80399.99,80406.13,80200.0,80236.74,128931379.93560831
2026-05-09T04:00:00-04:00,80214.86,80434.62,80204.46,80399.99,73900290.63438377
2026-05-09T03:00:00-04:00,80248.13,80296.61,80124.5,80214.87,234082128.34687817
2026-05-09T02:00:00-04:00,80374.0,80426.8,80190.13,80248.13,827922070.7779158
2026-05-09T01:00:00-04:00,80383.85,80480.99,80345.93,80374.0,261575724.11242607
2026-05-09T00:00:00-04:00,80380.3,80666.16,80359.28,80383.85,441003054.827477
2026-05-08T23:00:00-04:00,80412.15,80548.04,80305.0,80380.3,304498324.18098515
2026-05-08T22:00:00-04:00,80318.25,80472.35,80318.25,80412.15,35869704.0796445
2026-05-08T21:00:00-04:00,80230.23,80444.04,80215.0,80318.26,60909327.55926133
2026-05-08T20:00:00-04:00,80188.82,80239.9,80115.33,80230.24,67841629.442229
2026-05-08T19:00:00-04:00,80270.12,80292.92,80097.0,80188.82,641996227.8927315
2026-05-08T18:00:00-04:00,80253.66,80419.99,80227.05,80270.12,204780501.27855217
2026-05-08T17:00:00-04:00,80131.16,80261.36,80101.44,80253.67,678010121.1057867
2026-05-08T16:00:00-04:00,80150.0,80289.89,80075.42,80129.06,590153850.7781104
2026-05-08T15:00:00-04:00,80075.56,80152.61,79940.0,80149.99,143377118029.91495
2026-05-08T14:00:00-04:00,80053.95,80297.22,80053.95,80075.56,1464127041.540607
2026-05-08T13:00:00-04:00,79777.04,80259.78,79712.11,80050.95,1015621165.905703
2026-05-08T12:00:00-04:00,80126.19,80170.23,79716.84,79777.04,360534816.8393521
2026-05-08T11:00:00-04:00,80134.09,80190.0,79597.84,80125.63,869803666.3582073
2026-05-08T10:00:00-04:00,79617.69,80426.01,79617.68,80134.09,1312996911.9952998
2026-05-08T09:00:00-04:00,80020.42,80093.09,79520.44,79617.84,1623270839.3104618
2026-05-08T08:00:00-04:00,80223.14,80487.39,79961.58,80020.27,1301846710.4335434
2026-05-08T07:00:00-04:00,80207.63,80324.34,80124.5,80223.49,463645351.713204
2026-05-08T06:00:00-04:00,79861.87,80276.56,79770.61,80206.57,1236666356.14386
2026-05-08T05:00:00-04:00,79880.38,80054.15,79780.23,79861.86,2679150722.851975
2026-05-08T04:00:00-04:00,79673.88,79981.72,79655.37,79877.58,531615464.2415045
2026-05-08T03:00:00-04:00,79480.08594,79719.63,79245.36719,79673.89,1548333056.0
2026-05-08T02:00:00-04:00,79589.03125,79625.01563,79412.03906,79469.92188,647557614400.0
2026-05-08T01:00:00-04:00,79633.00781,79738.46875,79581.25,79624.61719,569680711994.0
2026-05-08T00:00:00-04:00,79552.47656,79706.40625,79531.27344,79644.07813,798267800648.0
2026-05-07T23:00:00-04:00,79464.0,79614.20313,79248.48438,79549.88281,764026577047.0
2026-05-07T22:00:00-04:00,79727.0,79736.0,79377.0,79465.0,1011196839892.0
2026-05-07T21:00:00-04:00,79827.67,79897.49,79609.35,79727.0,850574595384.4569
2026-05-07T20:00:00-04:00,80005.38,80136.45,79739.88,79827.67,227522955.7892107
2026-05-07T19:00:00-04:00,79907.39,80071.13,79857.96,80005.38,277770056.49659455
2026-05-07T18:00:00-04:00,79716.76,79978.08,79566.87,79907.4,1042197464.8824916
2026-05-07T17:00:00-04:00,79876.14,79922.4,79637.22,79716.75,888798741.0023
2026-05-07T16:00:00-04:00,80143.31,80375.21,79846.08,79876.14,201540855.8263496
2026-05-07T15:00:00-04:00,80200.12,80219.14,79915.42,80142.85,445314021.43856746
2026-05-07T14:00:00-04:00,80091.18,80282.0,79989.42,80200.12,978657439.9594666
2026-05-07T13:00:00-04:00,79783.75,80133.46,79456.0,80091.18,1315773527.330762
2026-05-07T12:00:00-04:00,79888.4,80005.33,79690.62,79783.75,1785623322.53196
2026-05-07T11:00:00-04:00,80153.5,80273.31,79679.78,79888.48,2677557695.9783034
2026-05-07T10:00:00-04:00,80492.01,80685.68,80027.96,80153.5,1269243577.703931
2026-05-07T09:00:00-04:00,81160.85,81170.61,80238.66,80492.66,841519136.1545327
2026-05-07T08:00:00-04:00,80857.33,81199.73,80824.85,81160.85,57947474.62223784
2026-05-07T07:00:00-04:00,80835.91,81041.25,80766.0,80857.33,51576491.20445955
2026-05-07T06:00:00-04:00,80914.51,81010.85,80562.0,80835.32,134328392.16023955
2026-05-07T05:00:00-04:00,81220.0,81220.01,80843.55,80914.5,81245258.45147577
2026-05-07T04:00:00-04:00,81517.8,81591.91,81194.02,81220.0,599908135.4478098
2026-05-07T03:00:00-04:00,81443.14,81709.17,81392.63,81517.8,446649216.6147608
2026-05-07T02:00:00-04:00,81092.98,81448.01,80879.15,81443.13,308058503.75427055
2026-05-07T01:00:00-04:00,80974.01,81170.77,80958.02,81092.98,196752160.2112916
2026-05-07T00:00:00-04:00,80842.0,80986.23,80724.74,80974.01,138444661.05370677
2026-05-06T23:00:00-04:00,81118.6,81118.6,80829.54,80841.99,114289403.39995353
2026-05-06T22:00:00-04:00,81165.68,81173.87,80871.56,81118.61,518374691.4196502
2026-05-06T21:00:00-04:00,81014.23,81281.7,80850.0,81165.68,591638557.2671721
2026-05-06T20:00:00-04:00,81438.11,81488.98,80972.83,81014.23,251762822.38899767
2026-05-06T19:00:00-04:00,81339.67,81447.81,81000.0,81438.1,256238699.275793
2026-05-06T18:00:00-04:00,81542.04,81545.33,81234.01,81339.66,141968848.95178092
2026-05-06T17:00:00-04:00,81425.9,81625.23,81294.57,81542.03,58966703.87054236
2026-05-06T16:00:00-04:00,81457.39,81705.34,81296.68,81425.9,219191447.8318419
2026-05-06T15:00:00-04:00,81347.83,81511.57,81183.08,81457.38,474961663.58996236
2026-05-06T14:00:00-04:00,81449.9,81557.62,81263.77,81347.83,486006893.3198807
2026-05-06T13:00:00-04:00,81626.3,81708.05,81375.0,81449.91,486776312.1797384
2026-05-06T12:00:00-04:00,81699.08,81902.31,81419.47,81626.3,605110243.4971865
2026-05-06T11:00:00-04:00,81514.84,81819.13,81294.57,81699.07,482489423.71400905
2026-05-06T10:00:00-04:00,81658.94,81981.13,81122.0,81514.84,1481464087.4409661
2026-05-06T09:00:00-04:00,82223.59,82223.59,81584.27,81658.93,278470414.5282701
2026-05-06T08:00:00-04:00,82520.75,82541.88,82156.18,82223.59,623488875.4416803
2026-05-06T07:00:00-04:00,82284.2,82814.23,82253.99,82520.75,1322829283.0625873
2026-05-06T06:00:00-04:00,82022.42969,82392.83,81965.25781,82284.2,1229511485.891204
2026-05-06T05:00:00-04:00,81966.84375,82059.85156,81685.42969,81998.40625,1646698496.0
2026-05-06T04:00:00-04:00,81350.82813,81984.0,81318.10156,81956.6875,435469430831.0
2026-05-06T03:00:00-04:00,81497.90625,81606.0,81306.0,81370.0,670861235063.0
2026-05-06T02:00:00-04:00,81306.97656,81517.89844,81202.79688,81472.95313,431852691456.0
2026-05-06T01:00:00-04:00,81316.11719,81336.0,81054.28125,81319.14063,916969927990.0
2026-05-06T00:00:00-04:00,81579.17188,81634.79688,81265.63281,81331.04688,560773820416.0
2026-05-05T23:00:00-04:00,81358.52344,81743.32813,81349.45313,81576.25781,647688370061.0
2026-05-05T22:00:00-04:00,81437.3125,81437.3125,81036.90625,81355.49219,566542434304.0
2026-05-05T21:00:00-04:00,81011.0625,81488.82031,80973.71875,81428.97656,364353288789.0
2026-05-05T20:00:00-04:00,80884.8125,81244.84375,80725.28906,81014.92188,278544814080.0
2026-05-05T19:00:00-04:00,81113.10156,81215.99219,80792.20313,80907.72656,276403875840.0
2026-05-05T18:00:00-04:00,81486.02344,81612.57813,80839.35156,81116.9375,382884622336.0
2026-05-05T17:00:00-04:00,81650.00781,81770.45313,81307.99219,81410.03906,153132912640.0
2026-05-05T16:00:00-04:00,81610.17969,81768.10156,81526.0,81644.03125,300056133632.0
2026-05-05T15:00:00-04:00,81519.13281,81696.0,81413.07031,81617.72656,557621190656.0
2026-05-05T14:00:00-04:00,81286.57031,81607.0,81286.57031,81519.13281,601218338108.0
2026-05-05T13:00:00-04:00,81278.50781,81464.57813,81200.64063,81276.71094,1073094606848.0
2026-05-05T12:00:00-04:00,81606.00781,81619.34375,81056.21094,81297.92188,1105646628864.0
2026-05-05T11:00:00-04:00,81329.53125,81710.09375,81237.32813,81553.67969,1164924284928.0
2026-05-05T10:00:00-04:00,81338.82031,81503.96875,80954.54688,81342.22656,1061614794544.0
2026-05-05T09:00:00-04:00,81284.67188,81713.03906,81205.0,81343.17969,217242685440.0
2026-05-05T08:00:00-04:00,81020.52344,81328.21094,80934.89063,81284.00781,253638332416.0
2026-05-05T07:00:00-04:00,80844.0,81113.71094,80790.0,81024.9375,380513486905.0
2026-05-05T06:00:00-04:00,80573.77344,80847.03906,80520.0,80833.70313,1340949889941.0
2026-05-05T05:00:00-04:00,80813.0,80813.0,80520.95313,80585.84375,191419015168.0
2026-05-05T04:00:00-04:00,80848.72656,80889.45313,80717.97656,80817.96875,332254437376.0
2026-05-05T03:00:00-04:00,80968.99219,81134.17969,80831.17188,80863.14063,280301109248.0
2026-05-05T02:00:00-04:00,80975.99219,81007.5,80787.61719,80968.99219,855730277534.0
2026-05-05T01:00:00-04:00,80885.0,81304.17188,80829.02344,80965.54688,711509848064.0
2026-05-05T00:00:00-04:00,80891.99219,80966.0,80717.86719,80900.32031,1114429579264.0
2026-05-04T23:00:00-04:00,80549.96875,81077.63281,80448.04688,80882.14063,1137034844370.0
2026-05-04T22:00:00-04:00,80337.1875,80897.00781,80298.85938,80547.74219,1329825894150.0
2026-05-04T21:00:00-04:00,80174.5,80377.71875,80066.28906,80345.99219,700717264315.0
2026-05-04T20:00:00-04:00,79852.35938,80181.9375,79789.5,80163.99219,1028789985135.0
2026-05-04T19:00:00-04:00,80047.24219,80047.24219,79738.79688,79841.11719,1037539418112.0
2026-05-04T18:00:00-04:00,80243.28906,80393.5625,80039.35938,80059.6875,1219987876589.0
2026-05-04T17:00:00-04:00,79950.47656,80358.96094,79950.47656,80260.07031,1122861350912.0
2026-05-04T16:00:00-04:00,80015.0,80162.0,79891.64063,79935.82813,847085965312.0
2026-05-04T15:00:00-04:00,80101.57031,80137.00781,79880.5,80049.57031,619818610688.0
2026-05-04T14:00:00-04:00,80409.00781,80434.78906,80023.86719,80108.89844,222344855552.0
2026-05-04T13:00:00-04:00,80049.46094,80740.4375,80028.07031,80381.53125,325990487171.0
2026-05-04T12:00:00-04:00,80027.21875,80408.60938,79615.17188,80027.50781,161966378611.0
2026-05-04T11:00:00-04:00,80225.82031,80377.49219,79355.03125,80038.3125,52607188992.0
2026-05-04T10:00:00-04:00,78780.03125,80532.71094,78491.0,80229.57813,2607038464.0
2026-05-04T09:00:00-04:00,78809.5,79108.49219,78574.67188,78774.72656,129459077120.0
2026-05-04T08:00:00-04:00,78780.0,79020.13281,78706.0,78852.03906,679410528256.0
2026-05-04T07:00:00-04:00,78925.25781,79128.53125,78694.46875,78782.95313,212815081472.0
2026-05-04T06:00:00-04:00,79853.29,79854.08,78217.89844,78935.21094,5911728128.0
2026-05-04T05:00:00-04:00,79684.39844,79909.02344,79626.03125,79817.5,283576221696.0
2026-05-04T04:00:00-04:00,79690.04,79790.2,79580.95,79692.82031,1310826496.0
2026-05-04T03:00:00-04:00,79859.64,79933.3,79661.25,79690.03,1254356992.0
2026-05-04T02:00:00-04:00,80013.53,80049.0,79473.29,79859.63,1446969991.3711362
2026-05-04T01:00:00-04:00,80327.87,80394.0,79950.22,80013.53,1753904314.091758
2026-05-04T00:00:00-04:00,80305.37,80613.0,80215.5,80327.86,2451281920.0
2026-05-03T23:00:00-04:00,80166.47,80435.0,79904.96,80305.37,1897148416.0
2026-05-03T22:00:00-04:00,79763.38,80426.0,79530.53,80166.46,3724867991.3334846
2026-05-03T21:00:00-04:00,78537.44,79813.97,78399.42,79763.38,834693825.8078362
2026-05-03T20:00:00-04:00,78558.88,78563.51,78269.41,78537.44,833677353.9426745
2026-05-03T19:00:00-04:00,79168.27,79289.35,78478.43,78558.89,958326784.0
2026-05-03T18:00:00-04:00,78822.53,79428.6,78815.59,79168.26,1436004558.1439168
2026-05-03T17:00:00-04:00,78921.14,79058.73,78650.0,78822.53,280304523.8774469
2026-05-03T16:00:00-04:00,78753.16,79261.96,78718.47,78921.14,1026514017.5646495
2026-05-03T15:00:00-04:00,78732.28,78846.9,78666.56,78753.17,926415473.319525
2026-05-03T14:00:00-04:00,78721.37,78756.4,78618.13,78732.28,135265226.64450678
2026-05-03T13:00:00-04:00,78650.52,78817.95,78552.39,78721.36,440345680.64236945
2026-05-03T12:00:00-04:00,78656.83,78776.83,78580.28,78650.53,61255962.12663566
2026-05-03T11:00:00-04:00,78715.96,78800.0,78606.56,78656.83,273156374.32679945
2026-05-03T10:00:00-04:00,78660.0,78777.0,78600.01,78715.97,491232594.93367016
2026-05-03T09:00:00-04:00,78746.13,78768.05,78575.0,78659.99,160479095.57686296
2026-05-03T08:00:00-04:00,78658.0,78873.0,78657.99,78746.13,422810579.8346175
2026-05-03T07:00:00-04:00,78404.76,78840.24,78379.38,78657.99,426943086.3138181
2026-05-03T06:00:00-04:00,78532.44,78532.44,78400.16,78404.77,124364942.80647095
2026-05-03T05:00:00-04:00,78379.45,78600.0,78336.66,78532.44,250377776.86741242
2026-05-03T04:00:00-04:00,78357.62,78501.15,78348.91,78379.39,124622924.99321985
2026-05-03T03:00:00-04:00,78281.18,78464.06,78281.18,78357.63,200502431.95229372
2026-05-03T02:00:00-04:00,78239.87,78337.86,78073.01,78281.18,128066918.13240021
2026-05-03T01:00:00-04:00,78164.85,78258.21,78146.02,78239.86,107670114.50781883
2026-05-03T00:00:00-04:00,78196.0,78230.6,78107.27,78164.86,4274799.199264631
2026-05-02T23:00:00-04:00,78162.86,78223.54,78102.58,78196.02,145629244.72940177
2026-05-02T22:00:00-04:00,78250.0,78307.12,78098.33,78162.86,663345879.1603312
2026-05-02T21:00:00-04:00,78551.7,78551.71,78143.0,78250.0,369536375.094869
2026-05-02T20:00:00-04:00,78682.31,78759.97,78490.0,78551.71,323603977.2536086
2026-05-02T19:00:00-04:00,78833.97,78833.97,78624.95,78682.31,251193056.65944505
2026-05-02T18:00:00-04:00,78724.69,78874.16,78604.23,78833.98,490575566.38174945
2026-05-02T17:00:00-04:00,78458.67,79155.0,78450.0,78724.69,718222967.9761229
2026-05-02T16:00:00-04:00,78487.74,78491.66,78415.02,78458.67,5977196.087022411
2026-05-02T15:00:00-04:00,78456.01,78521.24,78428.91,78484.47,16904052.155138787
2026-05-02T14:00:00-04:00,78393.07,78486.56,78308.0,78456.01,21636734.80453435
2026-05-02T13:00:00-04:00,78446.02,78483.51,78362.0,78393.08,14887761.460406732
2026-05-02T12:00:00-04:00,78483.53,78594.99,78417.86,78446.03,7938170.497479174
2026-05-02T11:00:00-04:00,78415.33,78486.49,78355.19,78483.53,6646314.983251763
2026-05-02T10:00:00-04:00,78367.81,78480.0,78305.0,78415.34,7753009.906081569
2026-05-02T09:00:00-04:00,78213.16,78432.22,78213.16,78367.8,8036140.3781307675
2026-05-02T08:00:00-04:00,78147.05,78268.65,78098.93,78213.16,7665476.052946498
2026-05-02T07:00:00-04:00,78249.97,78249.97,78093.09,78147.04,76353220.13643748
2026-05-02T06:00:00-04:00,78299.8,78317.1,78221.6,78249.98,375444762.4243362
2026-05-02T05:00:00-04:00,78313.64,78394.26,78215.01,78299.79,162336143.58035177
2026-05-02T04:00:00-04:00,78220.21,78359.17,78157.94,78313.63,45648112.95571821
2026-05-02T03:00:00-04:00,78324.02,78348.24,78200.0,78220.21,27577991.31957682
2026-05-02T02:00:00-04:00,78179.6,78371.54,78139.21,78324.02,166236794.07215855
2026-05-02T01:00:00-04:00,78179.39,78237.98,78034.28,78179.6,226867640.48471263
2026-05-02T00:00:00-04:00,78409.64,78448.57,78122.01,78179.38,193819588.59271276
2026-05-01T23:00:00-04:00,78358.1,78517.77,78230.07,78409.63,60912526.25595882
2026-05-01T22:00:00-04:00,78348.0,78508.89,78249.85,78358.1,136730516.1329943
2026-05-01T21:00:00-04:00,78346.02,78442.0,78285.29,78348.01,99253077.68231961
2026-05-01T20:00:00-04:00,78234.05,78394.41,78168.0,78346.02,84786572.21735124
2026-05-01T19:00:00-04:00,78149.36,78244.19,78027.14,78234.05,145071273.3068962
2026-05-01T18:00:00-04:00,78207.04,78424.36,78129.23,78149.36,372380813.1997163
2026-05-01T17:00:00-04:00,77872.81,78207.05,77850.01,78207.04,507376922.89331645
2026-05-01T16:00:00-04:00,78373.61,78435.9,77721.81,77872.81,641556148.8115058
2026-05-01T15:00:00-04:00,78436.18,78557.3,78310.18,78374.85,427541158.2477302
2026-05-01T14:00:00-04:00,78550.0,78631.23,78375.0,78436.17,665954755.3271046
2026-05-01T13:00:00-04:00,78202.92,78600.0,78120.0,78550.0,654181639.235187
2026-05-01T12:00:00-04:00,78438.2,78691.41,78155.26,78202.93,1552166528.9392512
2026-05-01T11:00:00-04:00,78355.69,78747.06,78178.7,78438.2,1290714254.558284
2026-05-01T10:00:00-04:00,78754.47,78901.28,78050.68,78355.69,2214929520.486961
2026-05-01T09:00:00-04:00,77885.39,78961.14,77885.37,78754.46,2311544026.934558
2026-05-01T08:00:00-04:00,77452.73,78168.76,77392.01,77885.38,1030655809.7223891
2026-05-01T07:00:00-04:00,77292.0,77588.39,77246.39844,77452.72,938813281.469188
2026-05-01T06:00:00-04:00,77250.00781,77413.57813,77140.00781,77280.04688,983558144.0
2026-05-01T05:00:00-04:00,77366.89063,77383.20313,77185.60156,77266.0,351420416.0
2026-05-01T04:00:00-04:00,77097.5,77489.82813,77022.54688,77358.39844,931438592.0
2026-05-01T03:00:00-04:00,76953.99219,77119.27344,76930.0,77108.02344,626489344.0
2026-05-01T02:00:00-04:00,77144.8125,77161.32813,76861.67969,76971.99219,562528897024.0
2026-05-01T01:00:00-04:00,77011.17188,77160.14063,76999.78125,77140.57813,388943051883.0
2026-05-01T00:00:00-04:00,77109.72656,77175.53125,76946.82813,77004.99219,268859197440.0
2026-04-30T23:00:00-04:00,76551.99219,77406.78906,76523.20313,77091.84375,143023339520.0
2026-04-30T22:00:00-04:00,76670.99219,76711.02344,76506.29688,76566.46094,579944717740.0
2026-04-30T21:00:00-04:00,76424.63281,76746.20313,76415.35156,76650.75,348357347328.0
2026-04-30T20:00:00-04:00,76295.72656,76559.0625,76280.59375,76423.24219,557706786816.0
2026-04-30T19:00:00-04:00,76205.35938,76343.00781,76183.96875,76296.72656,473288116224.0
2026-04-30T18:00:00-04:00,76234.53906,76418.40625,76167.90625,76205.35938,594750298112.0
2026-04-30T17:00:00-04:00,76450.3125,76507.21094,76207.90625,76207.90625,477661829120.0
2026-04-30T16:00:00-04:00,76380.03125,76538.6875,76291.96875,76461.5,753878773760.0
2026-04-30T15:00:00-04:00,76315.0,76495.32813,76280.07813,76399.50781,764973371392.0
2026-04-30T14:00:00-04:00,76214.36719,76444.4375,76175.99219,76314.97656,1050372941824.0
2026-04-30T13:00:00-04:00,76208.70313,76296.74219,76073.8125,76210.42969,609393946624.0
2026-04-30T12:00:00-04:00,76437.25,76452.21875,76183.38281,76222.75781,1110762919936.0
2026-04-30T11:00:00-04:00,76267.63281,76625.03125,76124.35938,76438.84375,1051704954102.0
2026-04-30T10:00:00-04:00,76385.89844,76552.54688,76055.14844,76268.0,479729762304.0
2026-04-30T09:00:00-04:00,76302.46094,76614.0,76073.99219,76381.99219,631519522816.0
2026-04-30T08:00:00-04:00,76031.1875,76390.00781,76016.5,76274.57031,745140313185.0
2026-04-30T07:00:00-04:00,76013.03906,76206.00781,75848.0,76039.60156,787118125056.0
2026-04-30T06:00:00-04:00,76077.04688,76137.14844,75949.99219,75994.28906,876557619647.0
2026-04-30T05:00:00-04:00,76023.75781,76321.42188,75980.97656,76071.85938,742762471424.0
2026-04-30T04:00:00-04:00,76147.90625,76176.32813,75991.07813,76035.74219,875490111488.0
2026-04-30T03:00:00-04:00,75724.97656,76146.54688,75683.9375,76134.32813,801425793024.0
2026-04-30T02:00:00-04:00,75567.9,75842.74219,75538.0,75726.17188,733274242044.0803
2026-04-30T01:00:00-04:00,75453.6,75725.99,75290.1,75567.91,984305696.6618611
2026-04-30T00:00:00-04:00,75898.86,75947.38,75361.04,75453.94,963025074.4296085
2026-04-29T23:00:00-04:00,75669.99,75975.98,75628.81,75898.86,97171563.70383362
2026-04-29T22:00:00-04:00,76212.85,76330.0,75464.99,75669.99,1499705820.4767807
2026-04-29T21:00:00-04:00,76218.67,76448.83,76135.2,76212.85,726650352.5777658
2026-04-29T20:00:00-04:00,75752.87,76305.67,75622.14,76218.67,516257543.41321576
2026-04-29T19:00:00-04:00,75893.29,75965.0,75666.01,75752.88,513190267.3679385
2026-04-29T18:00:00-04:00,75903.68,75982.94,75788.04,75893.29,449508332.28397614
2026-04-29T17:00:00-04:00,75649.92,76059.3,75569.85,75901.88,375535814.1609889
2026-04-29T16:00:00-04:00,75529.6,75842.25,75454.18,75649.91,764750474.4377885
2026-04-29T15:00:00-04:00,75485.98,75567.9,75264.87,75526.0,755905522.1569476
2026-04-29T14:00:00-04:00,76146.12,76236.65,74914.0,75483.82,1929732935.6628735
2026-04-29T13:00:00-04:00,75770.87,76164.04,75770.87,76153.83,1199965081.9904315
2026-04-29T12:00:00-04:00,75896.01,76102.54,75663.89,75769.7,1319719775.6130972
2026-04-29T11:00:00-04:00,76557.96,76618.93,75670.21,75897.98,1538078068.2770607
2026-04-29T10:00:00-04:00,76752.98,76853.11,76452.14,76555.55,560472093.6183773
2026-04-29T09:00:00-04:00,77125.87,77239.46,76404.94,76752.98,527040612.20097125
2026-04-29T08:00:00-04:00,77580.73,77597.63,76977.04,77123.22,1648700266.622088
2026-04-29T07:00:00-04:00,77622.56,77686.05,77474.88,77580.73,174285194.50514275
2026-04-29T06:00:00-04:00,77646.27,77906.84,77557.39,77622.55,1465321597.2060108
2026-04-29T05:00:00-04:00,77029.47,77799.91,76948.99,77646.24,843466108.1173363
2026-04-29T04:00:00-04:00,77034.05,77143.66,76942.27,77029.45,89267212.21791236
2026-04-29T03:00:00-04:00,77016.01,77175.02,76991.46,77034.04,529527479.81923085
2026-04-29T02:00:00-04:00,77280.36,77325.0,76912.64,77016.0,363026534.9868494
2026-04-29T01:00:00-04:00,77266.79688,77321.98,77188.78,77280.36,511050665.9796636
2026-04-29T00:00:00-04:00,76996.4375,77441.10156,76879.8125,77260.5625,67510104064.0
2026-04-28T23:00:00-04:00,76509.28125,77105.78906,76496.17969,76986.0,193066264576.0
2026-04-28T22:00:00-04:00,76568.0,76642.63281,76383.6875,76508.64063,644612885491.0
2026-04-28T21:00:00-04:00,76486.8125,76627.71875,76166.57813,76544.70313,386695653376.0
2026-04-28T20:00:00-04:00,76316.65625,76536.71875,76255.99219,76502.35156,608961725298.0
2026-04-28T19:00:00-04:00,76219.1875,76349.5625,76176.5,76315.90625,711081263104.0
2026-04-28T18:00:00-04:00,76384.85156,76439.75,76206.00781,76229.79688,749984884478.0
2026-04-28T17:00:00-04:00,76466.0625,76483.27344,76265.67188,76349.52344,393489157295.0
2026-04-28T16:00:00-04:00,76338.21094,76478.32813,76321.45313,76461.99219,456907931648.0
2026-04-28T15:00:00-04:00,76220.67188,76379.96875,76045.07813,76324.86719,526662590464.0
2026-04-28T14:00:00-04:00,76161.17188,76264.39844,76111.00781,76220.67188,531320061952.0
2026-04-28T13:00:00-04:00,76102.11719,76249.99219,75939.10156,76166.78906,671071127552.0
2026-04-28T12:00:00-04:00,76034.39063,76180.0,75865.57031,76109.28125,781724241920.0
2026-04-28T11:00:00-04:00,75943.28125,76071.82813,75828.47656,76052.29688,808655777792.0
2026-04-28T10:00:00-04:00,76170.36719,76196.64063,75653.75781,75940.0,180677885952.0
2026-04-28T09:00:00-04:00,76362.0,76415.04688,75978.24219,76183.67188,214037711439.0
2026-04-28T08:00:00-04:00,76250.0,76420.53906,76162.3125,76383.49219,210172262400.0
2026-04-28T07:00:00-04:00,76608.34375,76636.54688,76122.47656,76221.59375,167014144000.0
2026-04-28T06:00:00-04:00,76580.64844,76686.46875,76476.8125,76602.25,395773491200.0
2026-04-28T05:00:00-04:00,76852.11719,76867.42969,76485.17969,76587.24219,463901755392.0
2026-04-28T04:00:00-04:00,76879.75781,76998.47656,76737.03125,76856.0,365032821670.0
2026-04-28T03:00:00-04:00,76702.99219,76914.24219,76442.0,76872.95313,388301688832.0
2026-04-28T02:00:00-04:00,76903.67969,77029.39063,76584.96875,76696.32031,553009451008.0
2026-04-28T01:00:00-04:00,76900.5625,77147.03906,76808.0,76881.78906,1044059129856.0
2026-04-28T00:00:00-04:00,76804.97656,76952.84375,76707.82813,76885.21094,105735512064.0
2026-04-27T23:00:00-04:00,76876.03906,76894.71875,76677.61719,76809.3125,344170496.0
2026-04-27T22:00:00-04:00,77103.5625,77226.24219,76677.61719,76888.02344,495411351552.0
2026-04-27T21:00:00-04:00,77364.47656,77399.67969,77043.71875,77088.49219,1186794221568.0
2026-04-27T20:00:00-04:00,77380.9375,77478.97656,77213.95313,77381.79688,939774755642.0
2026-04-27T19:00:00-04:00,77026.5625,77444.40625,77007.04688,77364.42188,879802208256.0
2026-04-27T18:00:00-04:00,76817.34375,77076.47656,76753.90625,77058.29688,1204222156800.0
2026-04-27T17:00:00-04:00,76938.24219,76980.53906,76777.0,76777.0,601901948928.0
2026-04-27T16:00:00-04:00,76873.27344,77064.03906,76836.39844,76955.35938,200934596608.0
2026-04-27T15:00:00-04:00,76802.02344,76886.40625,76464.78125,76884.42969,514377101312.0
2026-04-27T14:00:00-04:00,76687.84375,76880.75781,76647.02344,76819.20313,635882700800.0
2026-04-27T13:00:00-04:00,76629.77344,76915.20313,76623.39844,76721.22656,195388985344.0
2026-04-27T12:00:00-04:00,76748.92969,76857.97656,76536.64063,76610.00781,153536495616.0
2026-04-27T11:00:00-04:00,77826.3125,77838.49219,76581.10938,76789.53906,110504218624.0
2026-04-27T10:00:00-04:00,77749.96875,78277.22656,77675.52344,77813.84375,237806295040.0
2026-04-27T09:00:00-04:00,77658.75781,77961.38281,77576.78125,77750.0,228062654464.0
2026-04-27T08:00:00-04:00,77845.32031,77878.0,77620.0,77671.03906,517341519872.0
2026-04-27T07:00:00-04:00,77851.71094,77896.96094,77745.00781,77847.89063,129139656704.0
2026-04-27T06:00:00-04:00,77890.6875,77948.45313,77792.47656,77857.45313,191714492416.0
2026-04-27T05:00:00-04:00,77815.96094,77989.39844,77706.42188,77902.45313,62951004160.0
2026-04-27T04:00:00-04:00,77608.38281,77822.50781,77565.17188,77811.5625,125929334160.0
2026-04-27T03:00:00-04:00,77695.0,77749.10938,77572.00781,77621.21094,150406498304.0
2026-04-27T02:00:00-04:00,77779.50781,77879.13281,77493.00781,77707.97656,60418330624.0
2026-04-27T01:00:00-04:00,78959.77344,78959.77344,77599.34375,77798.71094,82615433216.0
2026-04-27T00:00:00-04:00,79124.38281,79175.90625,78893.9375,78942.02344,269459658752.0
2026-04-26T23:00:00-04:00,79123.4375,79329.84375,79091.86719,79120.02344,658520064.0
2026-04-26T22:00:00-04:00,79307.85938,79313.21875,79051.28125,79150.0,1221335040.0
2026-04-26T21:00:00-04:00,79389.14844,79492.14063,78768.59375,79295.42188,2568114176.0
2026-04-26T20:00:00-04:00,78673.82813,79388.00781,78425.99219,79277.99219,1544714240.0
2026-04-26T19:00:00-04:00,78296.89063,78874.99219,78059.0,78664.64063,206604941312.0
2026-04-26T18:00:00-04:00,78388.28906,78871.32031,78037.78125,78333.24219,62201102336.0
2026-04-26T17:00:00-04:00,78230.07813,78910.25,77891.01,78447.75,180662278144.0
2026-04-26T16:00:00-04:00,78274.03125,78402.20313,78180.0625,78228.57813,71446421504.0
2026-04-26T15:00:00-04:00,78318.54688,78519.99219,78050.00781,78258.0,121577099264.0
2026-04-26T14:00:00-04:00,78054.04688,78330.0625,78010.0,78301.99219,186613554176.0
2026-04-26T13:00:00-04:00,77931.36719,78077.10938,77872.47656,78037.46094,183873911808.0
2026-04-26T12:00:00-04:00,78084.39063,78112.29688,77955.82031,77955.82031,484002028485.0
2026-04-26T11:00:00-04:00,78123.03906,78146.71875,78014.8125,78073.13281,225277418496.0
2026-04-26T10:00:00-04:00,77975.71875,78189.64063,77893.4375,78108.38281,186964816896.0
2026-04-26T09:00:00-04:00,77851.74219,78000.0,77818.10938,77993.74219,68362717184.0
2026-04-26T08:00:00-04:00,78118.00781,78135.21875,77787.9375,77850.8125,215096478720.0
2026-04-26T07:00:00-04:00,78024.63281,78175.84375,78024.63281,78118.0,331062936576.0
2026-04-26T06:00:00-04:00,78018.09375,78077.0625,77975.4375,78024.64063,366129148928.0
2026-04-26T05:00:00-04:00,78039.9375,78081.28125,77941.97656,78026.90625,84750681987.0
2026-04-26T04:00:00-04:00,78135.67188,78232.84375,78045.22656,78050.00781,16697756672.0
2026-04-26T03:00:00-04:00,78039.67969,78146.0,77985.61719,78126.3125,198491113548.0
2026-04-26T02:00:00-04:00,78025.00781,78073.90625,77918.32031,78019.1875,197466071040.0
2026-04-26T01:00:00-04:00,77790.0625,78212.60938,77736.0,78004.96875,145986404352.0
2026-04-26T00:00:00-04:00,77400.02344,77838.00781,77394.88281,77790.63281,171450916864.0
2026-04-25T23:00:00-04:00,77545.7,77566.0,77346.4375,77408.00781,109755944190.1937
2026-04-25T22:00:00-04:00,77479.26,77620.55,77471.84,77545.7,137120973.3748302
2026-04-25T21:00:00-04:00,77520.33,77594.0,77470.32,77479.27,166480969.93781152
2026-04-25T20:00:00-04:00,77650.72,77666.29,77468.4,77520.34,370651117.9409816
2026-04-25T19:00:00-04:00,77577.96,77680.3,77545.77,77650.72,150921420.54542875
2026-04-25T18:00:00-04:00,77555.5,77662.26,77519.52,77577.96,17357388.77086471
2026-04-25T17:00:00-04:00,77497.08,77557.64,77434.24,77555.49,11442778.665655058
2026-04-25T16:00:00-04:00,77339.77,77508.87,77324.57,77497.07,9566576.701420428
2026-04-25T15:00:00-04:00,77319.65,77376.98,77210.0,77339.77,186251472.85549045
2026-04-25T14:00:00-04:00,77274.52,77414.56,77242.17,77319.65,96096684.56070818
2026-04-25T13:00:00-04:00,77427.68,77439.98,77234.99,77274.53,10761834.146297636
2026-04-25T12:00:00-04:00,77354.05,77500.0,77179.2,77427.69,228723990.17465693
2026-04-25T11:00:00-04:00,77679.95,77749.7,77332.98,77354.06,22402779.69947138
2026-04-25T10:00:00-04:00,77701.36,77774.27,77652.09,77679.96,30705074.992896777
2026-04-25T09:00:00-04:00,77577.02,77731.7,77577.02,77701.35,5147644.402996086
2026-04-25T08:00:00-04:00,77711.31,77736.95,77565.44,77575.35,60858156.50806977
2026-04-25T07:00:00-04:00,77809.48,77809.48,77636.17,77709.94,10523752.60092359
2026-04-25T06:00:00-04:00,77738.19,77911.09,77738.19,77809.48,71640175.93824773
2026-04-25T05:00:00-04:00,77672.65,77806.07,77612.0,77738.19,58161468.12842025
2026-04-25T04:00:00-04:00,77520.0,77686.8,77510.94,77672.65,9600715.907838518
2026-04-25T03:00:00-04:00,77526.41,77603.62,77470.0,77521.97,39557213.05162041
2026-04-25T02:00:00-04:00,77542.19,77609.28,77506.7,77526.42,202320910.86768943
2026-04-25T01:00:00-04:00,77641.16,77641.16,77507.99,77542.19,240907316.16360962
2026-04-25T00:00:00-04:00,77699.92,77726.16,77621.9,77641.16,41153013.49329409
2026-04-24T23:00:00-04:00,77639.19,77739.8,77574.67,77699.91,22378083.715928786
2026-04-24T22:00:00-04:00,77559.97,77669.53,77518.78,77639.19,224872793.81311172
2026-04-24T21:00:00-04:00,77486.72,77645.47,77456.79,77559.96,116958037.96613708
2026-04-24T20:00:00-04:00,77461.79,77526.0,77329.29,77483.44,368014267.3015786
2026-04-24T19:00:00-04:00,77360.78,77493.21,77358.82,77461.8,292733330.2759431
2026-04-24T18:00:00-04:00,77565.45,77650.87,77289.0,77360.78,812897179.3346716
2026-04-24T17:00:00-04:00,77748.68,77785.0,77565.44,77565.45,444090890.8999137
2026-04-24T16:00:00-04:00,77657.01,77787.4,77478.31,77748.69,191669397.4384414
2026-04-24T15:00:00-04:00,77637.61,77773.45,77555.6,77659.72,198468213.7980613
2026-04-24T14:00:00-04:00,77707.16,77745.83,77381.74,77637.61,191036480.48507598
2026-04-24T13:00:00-04:00,77798.32,77856.95,77502.59,77707.15,29290250.118257575
2026-04-24T12:00:00-04:00,78065.03,78090.24,77606.46,77800.0,1051452805.5497571
2026-04-24T11:00:00-04:00,78072.0,78257.09,77596.52,78066.88,144782741.2107319
2026-04-24T10:00:00-04:00,78107.84,78107.84,77700.01,78070.15,431123709.7035046
2026-04-24T09:00:00-04:00,78290.74,78500.0,77922.96,78107.84,505846800.61583984
2026-04-24T08:00:00-04:00,78256.15,78379.31,78035.99,78290.74,110651622.41981529
2026-04-24T07:00:00-04:00,77762.45,78400.0,77762.44,78256.13,1292544481.9924843
2026-04-24T06:00:00-04:00,77551.88,77811.18,77457.21,77762.45,169386210.40842193
2026-04-24T05:00:00-04:00,77808.72,77827.83,77423.86,77551.89,238356361.32325643
2026-04-24T04:00:00-04:00,77676.95,78030.98,77593.2,77808.73,638039430.0061185
2026-04-24T03:00:00-04:00,77813.11,77882.44,77568.32,77676.96,666139006.2962517
2026-04-24T02:00:00-04:00,77974.3,77999.1,77786.29,77813.12,268647370.4683225
2026-04-24T01:00:00-04:00,77682.9,78071.27,77465.3,77974.29,781536386.4356731
2026-04-24T00:00:00-04:00,77755.39,77888.5,77492.99,77682.91,352534148.17151016
2026-04-23T23:00:00-04:00,78154.1,78217.79,77590.51,77755.39,529485303.2614738
2026-04-23T22:00:00-04:00,78457.9,78607.38,78097.52,78154.1,318432505.1967935
2026-04-23T21:00:00-04:00,78446.02,78487.02,77979.18,78457.91,363249509.37413627
2026-04-23T20:00:00-04:00,78281.32,78516.33,78191.31,78446.01,16523745.103525765
2026-04-23T19:00:00-04:00,78257.15,78327.6,78051.8,78281.32,143800426.62935588
2026-04-23T18:00:00-04:00,77887.5,78369.99,77884.4,78257.14,409820547.29273695
2026-04-23T17:00:00-04:00,77903.01,78092.46,77811.0,77890.0,767651739.1907458
2026-04-23T16:00:00-04:00,77742.5,78073.5,77656.44,77903.01,281559935.5302206
2026-04-23T15:00:00-04:00,77698.4,77927.45,77600.0,77743.16,846791528.6474806
2026-04-23T14:00:00-04:00,77796.41,78181.43,77695.47,77698.4,1614367190.2061048
2026-04-23T13:00:00-04:00,78133.06,78222.46,76979.99,77796.41,1719193422.9441762
2026-04-23T12:00:00-04:00,78410.44,78550.0,78063.58,78133.06,72624234.47553134
2026-04-23T11:00:00-04:00,78210.59,78722.96,78007.2,78410.43,431096743.66964114
2026-04-23T10:00:00-04:00,77549.32,78250.0,77431.4,78210.59,163714794.14310145
2026-04-23T09:00:00-04:00,77897.23,77946.39,77404.02,77549.31,90907922.00056176
2026-04-23T08:00:00-04:00,77722.29,77907.56,77562.25,77894.01,306102168.61856335
2026-04-23T07:00:00-04:00,77425.92,77776.48,77372.12,77722.29,162843903.74926323
2026-04-23T06:00:00-04:00,77672.01,77737.92,77200.0,77425.92,1356527636.220654
2026-04-23T05:00:00-04:00,77877.34,77887.47,77463.04,77670.55,890900402.8762445
2026-04-23T04:00:00-04:00,78086.15,78204.31,77727.29,77877.34,677153687.8251853
2026-04-23T03:00:00-04:00,78240.01,78281.78,77989.72,78086.14,500327380.4977021
2026-04-23T02:00:00-04:00,78055.02,78370.49,78055.02,78240.0,803474496.406783
2026-04-23T01:00:00-04:00,77935.46,78149.07,77788.81,78051.59,549823980.3798465
2026-04-23T00:00:00-04:00,77766.9,77974.18,77698.7,77935.46,94445325.97652216
2026-04-22T23:00:00-04:00,77967.46,78070.5,77500.0,77766.9,292417163.00903016
2026-04-22T22:00:00-04:00,78387.4,78387.4,77783.74,77967.46,316620066.38789266
2026-04-22T21:00:00-04:00,78467.69,78500.0,78093.3,78387.39,881535482.5252101
2026-04-22T20:00:00-04:00,78208.52,78608.94,77610.0,78467.52,1929043732.315638
2026-04-22T19:00:00-04:00,78635.61,78642.0,78182.0,78208.52,582587126.550214
2026-04-22T18:00:00-04:00,78794.76,78865.09,78487.27,78635.61,384811053.2784766
2026-04-22T17:00:00-04:00,78464.05,78858.25,78445.8,78794.76,692393870.2379886
2026-04-22T16:00:00-04:00,78878.31,78953.15,78427.63,78463.99,358857620.0920548
2026-04-22T15:00:00-04:00,79062.46,79111.73,78734.15,78878.3,402492256.68158084
2026-04-22T14:00:00-04:00,78947.98,79218.81,78854.6,79062.46,160472671.7872989
2026-04-22T13:00:00-04:00,78782.46,79078.37,78724.13,78947.97,360111961.50137997
2026-04-22T12:00:00-04:00,79323.62,79523.0,78660.62,78782.46,1067557570.7907614
2026-04-22T11:00:00-04:00,79073.56,79455.95,78865.0,79323.61,1598764425.73561
2026-04-22T10:00:00-04:00,78887.45,79217.08,78601.87,79073.57,1867444184.94824
2026-04-22T09:00:00-04:00,78262.9,78887.8,78183.05,78887.44,1522769846.8730524
2026-04-22T08:00:00-04:00,78327.98,78542.56,78137.19,78262.91,689156127.3484758
2026-04-22T07:00:00-04:00,78175.71,78422.84,78119.18,78327.98,437800868.32267094
2026-04-22T06:00:00-04:00,78015.57,78201.25,77964.02,78175.7,316723848.26085895
2026-04-22T05:00:00-04:00,78020.24,78204.89,77968.89,78015.56,406418936.8810607
2026-04-22T04:00:00-04:00,78025.8,78222.15,77960.0,78020.25,777701999.1069729
2026-04-22T03:00:00-04:00,78023.22,78128.99,77821.1,78025.8,1685890719.651738
2026-04-22T02:00:00-04:00,77987.0,78050.75,77906.53,78023.21,902442465.9534776
2026-04-22T01:00:00-04:00,77536.01,78444.0,77460.58,77986.99,2826187301.1002927
2026-04-22T00:00:00-04:00,77541.55,77725.21,77369.03,77536.0,1583046754.8374252
2026-04-21T23:00:00-04:00,77623.92,77747.98,77430.0,77541.55,1782277583.3319364
2026-04-21T22:00:00-04:00,76317.11,77673.63,76236.94,77624.23,38169513984.0
2026-04-21T21:00:00-04:00,76380.89,76432.94,76145.0,76317.11,457093267.7532184
2026-04-21T20:00:00-04:00,76355.73,76520.0,76233.63,76380.89,1080448875.7719543
2026-04-21T19:00:00-04:00,75662.14,76453.02,75642.93,76348.58,22292258.45651305
2026-04-21T18:00:00-04:00,75565.0,75662.15,75323.03,75662.06,256989760.61580902
2026-04-21T17:00:00-04:00,75711.24,75796.69,75469.86,75565.01,14398463.83812482
2026-04-21T16:00:00-04:00,75031.09,75880.35,74989.53,75714.21,370304011.738186
2026-04-21T15:00:00-04:00,75619.17,75936.07,74817.27,75030.96,720247013.1903208
2026-04-21T14:00:00-04:00,75567.27,75680.18,75316.83,75619.17,758631589.2200792
2026-04-21T13:00:00-04:00,75794.41,75925.55,75074.0,75567.26,911071666.0912187
2026-04-21T12:00:00-04:00,75846.68,76205.59,75770.66,75795.0,211729210.62351203
2026-04-21T11:00:00-04:00,75682.0,75999.33,75438.7,75844.02,261188629.6016396
2026-04-21T10:00:00-04:00,75928.04,76632.97,75634.64,75681.99,382263979.08031464
2026-04-21T09:00:00-04:00,76037.94,76213.37,75752.82,75927.03,191972408.65130603
2026-04-21T08:00:00-04:00,76486.41,76554.71,75738.91,76037.95,837352020.8689973
2026-04-21T07:00:00-04:00,76775.13,76789.35,76366.43,76485.82,693516023.8962352
2026-04-21T06:00:00-04:00,76397.3,76905.18,76379.5,76775.13,617521683.0418471
2026-04-21T05:00:00-04:00,76545.65,76622.15,76186.45,76397.31,589125662.8318098
2026-04-21T04:00:00-04:00,76118.09,76926.37,76092.01,76545.65,826307016.7568555
2026-04-21T03:00:00-04:00,76001.83,76326.37,75847.24,76118.09,440208221.3270776
2026-04-21T02:00:00-04:00,75835.76,76153.85,75725.96,76001.83,207294318.63987395
2026-04-21T01:00:00-04:00,75840.58,76026.63,75810.15,75835.77,328826556.7388449
2026-04-21T00:00:00-04:00,75740.58,75853.73,75633.28,75840.59,266585937.4643999
2026-04-20T23:00:00-04:00,75613.76,75749.01,75514.0,75740.58,344412558.1811615
2026-04-20T22:00:00-04:00,75955.07,75965.22,75605.0,75613.75,178125746.006578
2026-04-20T21:00:00-04:00,76121.97,76290.0,75889.2,75955.08,1496237935.9923668
2026-04-20T20:00:00-04:00,75864.86,76130.29,75724.81,76122.01,306613393.51429105
2026-04-20T19:00:00-04:00,76004.67,76004.67,75649.89,75864.86,11841580.91075583
2026-04-20T18:00:00-04:00,75985.54,76180.58,75933.01,76004.67,13250276.619915593
2026-04-20T17:00:00-04:00,76317.28,76405.74,75812.99,75984.53,266614407.89876148
2026-04-20T16:00:00-04:00,76337.48,76600.0,76151.25,76317.28,1124344791.8026884
2026-04-20T15:00:00-04:00,76466.25,76528.01,76184.85,76337.42,1875161229.1166294
2026-04-20T14:00:00-04:00,75937.31,76490.36,75937.31,76466.0,933686848.2856679
2026-04-20T13:00:00-04:00,75382.0,76000.0,75322.0,75937.31,405183788.35260004
2026-04-20T12:00:00-04:00,75747.07,75761.0,75326.01,75378.79,668316775.4888598
2026-04-20T11:00:00-04:00,75072.98,75816.18,74730.01,75747.08,1976505559.0447857
2026-04-20T10:00:00-04:00,75307.05,75812.71,74936.01,75071.84,1281039082.438823
2026-04-20T09:00:00-04:00,75323.53,75481.79,74895.26,75307.98,1477554718.6238172
2026-04-20T08:00:00-04:00,75220.26,75685.2,75094.06,75322.87,1206281624.2771728
2026-04-20T07:00:00-04:00,75068.73,75319.18,74990.0,75223.96,171232182.1571329
2026-04-20T06:00:00-04:00,75100.45,75439.86,75038.96,75068.69,799680420.5416236
2026-04-20T05:00:00-04:00,74758.01,75269.65,74726.1,75100.44,702206250.6979184
2026-04-20T04:00:00-04:00,74860.01,75029.01,74646.93,74758.01,1177356007.766294
2026-04-20T03:00:00-04:00,74820.18,75600.0,74693.44,74857.39,1125180111.3134553
2026-04-20T02:00:00-04:00,74299.01,74919.99,74280.31,74820.18,836516224.5082595
2026-04-20T01:00:00-04:00,74589.28,74590.4,74128.51,74298.45,544740255.2315463
2026-04-20T00:00:00-04:00,74667.9,74672.96,74467.84,74590.39,290964207.099206
2026-04-19T23:00:00-04:00,74439.91,74685.15,74390.13,74667.9,718339406.3770047
2026-04-19T22:00:00-04:00,74621.43,74661.45,74334.01,74439.9,477770066.8580001
2026-04-19T21:00:00-04:00,74305.3,74781.95,74238.84,74621.43,1549447729.166303
2026-04-19T20:00:00-04:00,73823.27,74388.84,73741.53,74305.3,1130424954.4770637
2026-04-19T19:00:00-04:00,74067.02,74080.05,73815.19,73823.14,707334701.2718943
2026-04-19T18:00:00-04:00,74457.97,74469.98,73777.86,74072.54,2523951160.419583
2026-04-19T17:00:00-04:00,74662.56,74844.01,74400.01,74457.97,713580698.635879
2026-04-19T16:00:00-04:00,74985.04,74989.22,74458.0,74662.56,445939912.6061519
2026-04-19T15:00:00-04:00,74806.71,75120.09,74806.71,74985.04,385312111.7271969
2026-04-19T14:00:00-04:00,74820.85,74939.08,74626.17,74806.71,822401724.461132
2026-04-19T13:00:00-04:00,75417.5,75419.99,74676.91,74820.85,975223734.1694595
2026-04-19T12:00:00-04:00,75885.61,75910.61,75333.0,75417.16,273839029.8810186
2026-04-19T11:00:00-04:00,76064.94,76193.12,75450.47,75885.62,1496502192.3208897
2026-04-19T10:00:00-04:00,75963.14,76180.58,75707.98,76064.95,1038791233.7666397
2026-04-19T09:00:00-04:00,75611.91,76278.36,75588.34,75963.14,689602611.7834314
2026-04-19T08:00:00-04:00,75637.52,75732.6,75467.69,75611.92,134403971.18718866
2026-04-19T07:00:00-04:00,75246.09,75662.75,75239.53,75637.52,487743448.111843
2026-04-19T06:00:00-04:00,75055.42,75272.65,74971.53,75246.08,43269997.81867035
2026-04-19T05:00:00-04:00,75293.17,75308.9,74961.83,75055.42,105968218.07820606
2026-04-19T04:00:00-04:00,75291.11,75336.52,75107.2,75293.17,82891033.7504333
2026-04-19T03:00:00-04:00,75434.49,75434.92,74922.47,75291.12,1071278755.5206861
2026-04-19T02:00:00-04:00,75580.01,75584.79,75323.74,75434.5,385948522.27636266
2026-04-19T01:00:00-04:00,75700.0,75726.06,75549.68,75580.01,158249997.9631326
2026-04-19T00:00:00-04:00,75546.49,75817.74,75450.01,75700.01,165685596.0377548
2026-04-18T23:00:00-04:00,75523.87,75675.67,75391.43,75546.49,257623128.88780993
2026-04-18T22:00:00-04:00,75652.1,75750.0,75388.96,75523.86,259143551.1649538
2026-04-18T21:00:00-04:00,75708.0,75827.3,75477.45,75652.1,540469839.6526003
2026-04-18T20:00:00-04:00,75736.0,75884.01,75590.17188,75708.01,154696399230.55353
2026-04-18T19:00:00-04:00,75849.37,75934.12,75730.58,75736.82,42984036.356631264
2026-04-18T18:00:00-04:00,75854.57,75914.69,75641.46,75849.35,179100040.9564832
2026-04-18T17:00:00-04:00,75784.94,75875.83,75628.41,75854.57,272886034.7327128
2026-04-18T16:00:00-04:00,75678.91,75882.95,75633.62,75784.94,628455274.9549885
2026-04-18T15:00:00-04:00,75672.44,75834.45,75604.5,75678.9,511833814.7860549
2026-04-18T14:00:00-04:00,75852.13,75886.9,75473.81,75672.45,624851504.9508615
2026-04-18T13:00:00-04:00,75968.11,75988.98,75809.9,75852.13,10931050.437825661
2026-04-18T12:00:00-04:00,76191.72,76249.99,75706.19,75968.12,56065133.655406676
2026-04-18T11:00:00-04:00,76280.61,76391.85,76042.77,76191.72,12335316.07525103
2026-04-18T10:00:00-04:00,76148.64,76326.27,76006.0,76280.61,15590730.51311427
2026-04-18T09:00:00-04:00,76239.75,76248.74,75822.46,76148.64,14214479.621423384
2026-04-18T08:00:00-04:00,76069.46,76335.04,76069.46,76239.75,91277977.46763682
2026-04-18T07:00:00-04:00,76222.49,76222.5,75793.85,76069.46,602312788.7391652
2026-04-18T06:00:00-04:00,76631.26,76631.26,76161.55,76222.49,429117833.8734641
2026-04-18T05:00:00-04:00,76760.02,76760.02,76420.01,76631.26,728824996.3472605
2026-04-18T04:00:00-04:00,77020.02,77070.98,76517.02,76760.02,490691046.036394
2026-04-18T03:00:00-04:00,77160.0,77162.02,76923.08,77020.01,63168968.62048627
2026-04-18T02:00:00-04:00,77164.46,77253.75,77091.0,77160.01,279970395.207272
2026-04-18T01:00:00-04:00,77144.02,77308.84,77144.01,77167.13,296848491.4785284
2026-04-18T00:00:00-04:00,77043.74,77208.76,76926.92,77148.75,843767196.591434
2026-04-17T23:00:00-04:00,77325.61,77328.75,77000.0,77043.74,76431782.37774089
2026-04-17T22:00:00-04:00,77251.98,77450.15,77150.01,77325.61,165436775.09048942
2026-04-17T21:00:00-04:00,77203.97,77374.07,77148.75,77251.97,242147800.87190464
2026-04-17T20:00:00-04:00,77098.01,77287.47,77010.0,77203.97,1654683400.0966058
2026-04-17T19:00:00-04:00,77328.01,77337.86,76931.0,77098.01,21023332.847950116
2026-04-17T18:00:00-04:00,77475.0,77553.9,77294.79,77321.96,154365124.10649556
2026-04-17T17:00:00-04:00,77366.97,77531.25,77310.0,77475.0,205555633.76281595
2026-04-17T16:00:00-04:00,77453.08,77651.24,77181.58,77366.97,408414388.2805391
2026-04-17T15:00:00-04:00,77200.21,77530.01,77045.52,77453.07,431606391.2726686
2026-04-17T14:00:00-04:00,77563.51,77613.74,77109.04,77199.96,898023229.4188645
2026-04-17T13:00:00-04:00,77907.28,77974.06,77150.0,77563.51,1428638005.7670112
2026-04-17T12:00:00-04:00,77843.17,78390.0,77773.51,77907.27,1149544681.7093089
2026-04-17T11:00:00-04:00,77986.02,78071.14,77493.07,77843.27,1467424613.5017903
2026-04-17T10:00:00-04:00,77388.01,78170.0,77055.0,77987.99,3234638487.399995
2026-04-17T09:00:00-04:00,76270.22,77467.99,76094.41,77388.0,3511015451.5540304
2026-04-17T08:00:00-04:00,75622.59,76313.68,75557.99,76263.95,1004178167.1916318
2026-04-17T07:00:00-04:00,75301.1,75638.72,75265.01,75622.58,325609183.75712055
2026-04-17T06:00:00-04:00,75811.47,75914.99,75120.11,75301.11,1238945599.072208
2026-04-17T05:00:00-04:00,75803.58,76386.68,75541.61,75811.48,2163043225.989907
2026-04-17T04:00:00-04:00,75094.02,75895.99,75011.31,75806.24,1858062447.7799206
2026-04-17T03:00:00-04:00,74954.74,75122.61,74954.7,75094.02,357398092.06666356
2026-04-17T02:00:00-04:00,74656.57,74964.25,74611.72,74954.74,195944372.19919556
2026-04-17T01:00:00-04:00,74810.0,74828.39,74575.0,74656.56,210179413.51541945
2026-04-17T00:00:00-04:00,74633.16,74873.19,74601.62,74810.01,159954508.28754663
2026-04-16T23:00:00-04:00,74729.95,74870.29,74623.71,74633.16,370935546.50489056
2026-04-16T22:00:00-04:00,74763.89,74830.9,74558.21,74728.67,50517982.467881896
2026-04-16T21:00:00-04:00,74960.62,75061.36,74591.71,74763.89,399779395.44300693
2026-04-16T20:00:00-04:00,75163.09,75179.85,74900.24,74960.61,110292017.37855084
2026-04-16T19:00:00-04:00,74888.5,75198.99,74846.01,75163.09,12949760.660409672
2026-04-16T18:00:00-04:00,74953.73,75142.0,74847.96,74888.49,10448920.078758625
2026-04-16T17:00:00-04:00,75245.99,75300.0,74810.0,74953.73,169608251.95494735
2026-04-16T16:00:00-04:00,75378.32,75539.91,75014.02,75245.99,712543543.1496464
2026-04-16T15:00:00-04:00,75052.23,75436.56,74753.03,75378.0,1427298117.6306114
2026-04-16T14:00:00-04:00,74354.86,75108.81,74250.01,75052.22,1528937415.3707426
2026-04-16T13:00:00-04:00,74186.03,74465.99,73903.48,74354.87,473192554.9907728
2026-04-16T12:00:00-04:00,74721.0,74960.0,74074.66,74186.03,1353974158.6908963
2026-04-16T11:00:00-04:00,73973.21,74902.01,73938.45,74720.99,1391026723.1392589
2026-04-16T10:00:00-04:00,73790.19,74207.0,73419.93,73973.2,1875681374.2655125
2026-04-16T09:00:00-04:00,74632.87,75042.33,73298.01,73788.46,1850439576.1892087
2026-04-16T08:00:00-04:00,74593.33,74880.01,74584.2,74632.87,223202498.92974776
2026-04-16T07:00:00-04:00,74325.75,74602.78,74298.16,74593.33,757974932.9519573
2026-04-16T06:00:00-04:00,74611.88,74670.84,74288.5,74325.74,384937328.30863285
2026-04-16T05:00:00-04:00,74697.71,74927.84,74610.14,74612.67,176892413.26994142
2026-04-16T04:00:00-04:00,74721.55,74768.0,74525.14,74697.71,1415482390.0922272
2026-04-16T03:00:00-04:00,75048.66,75100.0,74636.62,74721.55,160315463.00307378
2026-04-16T02:00:00-04:00,75062.76,75130.44,74871.66,75048.66,794384512.9197712
2026-04-16T01:00:00-04:00,74964.65,75172.1,74914.56,75060.65,700614171.267532
2026-04-16T00:00:00-04:00,74901.16,75198.07,74745.99,74964.65,422750600.1148569
2026-04-15T23:00:00-04:00,74901.13,75178.37,74879.15,74901.17,724534876.1847154
2026-04-15T22:00:00-04:00,74681.46,75299.67,74614.38,74901.14,615410598.7862844
2026-04-15T21:00:00-04:00,74834.36,74835.33,74483.85,74681.46,453036804.0868361
2026-04-15T20:00:00-04:00,74839.97,74899.16,74478.66,74834.35,340195832.1222061
2026-04-15T19:00:00-04:00,74992.25,74995.08,74639.0,74836.31,153447625.4116236
2026-04-15T18:00:00-04:00,74765.37,75458.81,74755.39,74992.25,67079079.26652133
2026-04-15T17:00:00-04:00,74872.15,74888.88,74570.52,74765.38,58649592.944380745
2026-04-15T16:00:00-04:00,75045.99,75082.24,74536.02,74872.14,30695903.0167346
2026-04-15T15:00:00-04:00,74414.4,75316.55,74380.32,75048.06,110743622.91423513
2026-04-15T14:00:00-04:00,74154.99,74434.99,74085.0,74414.41,38059657.71197354
2026-04-15T13:00:00-04:00,73953.71,74269.99,73926.32,74154.99,20899555.73958819
2026-04-15T12:00:00-04:00,73861.45,74206.09,73776.84,73953.68,17385581.91060511
2026-04-15T11:00:00-04:00,74168.82,74325.65,73604.79,73861.45,33078329.60172701
2026-04-15T10:00:00-04:00,74071.96,74541.06,73839.16,74168.81,36738714.75789038
2026-04-15T09:00:00-04:00,74302.48,74470.0,73825.79,74069.62,39538857.19719858
2026-04-15T08:00:00-04:00,74232.73,74498.76,74073.84,74302.48,22554953.43218288
2026-04-15T07:00:00-04:00,73890.9,74287.82,73890.9,74232.72,19172733.25000557
2026-04-15T06:00:00-04:00,74033.0,74277.98,73818.64,73890.9,22170081.609355003
2026-04-15T05:00:00-04:00,74139.99,74213.43,73930.25,74033.46,9165717.486352367
2026-04-15T04:00:00-04:00,73771.35,74219.13,73706.0,74139.99,18264418.375647422
2026-04-15T03:00:00-04:00,73923.99,74054.83,73545.0,73771.35,22544254.158271596
2026-04-15T02:00:00-04:00,74047.15,74085.12,73902.8,73924.0,8356842.6469928995
2026-04-15T01:00:00-04:00,74369.99,74474.97,73902.8,74047.15,25562053.956858836
2026-04-15T00:00:00-04:00,74376.75,74478.06,74294.01,74372.02,19725480.952951264
2026-04-14T23:00:00-04:00,74360.39,74406.0,74201.94,74376.75,13253431.347595097
2026-04-14T22:00:00-04:00,74648.99,74745.67,74216.7,74360.39,30915455.781900804
2026-04-14T21:00:00-04:00,74601.5,74828.61,74527.02,74649.0,18480198.757737335
2026-04-14T20:00:00-04:00,74176.09,74726.93,74149.45,74601.5,25127717.578494113
2026-04-14T19:00:00-04:00,74067.32,74275.29,74046.18,74179.04,25592326.404731568
2026-04-14T18:00:00-04:00,74315.62,74417.88,73854.5,74067.36,34887501.64491881
2026-04-14T17:00:00-04:00,74152.37,74364.78,73979.6,74315.62,27043680.701697145
2026-04-14T16:00:00-04:00,74301.99,74499.99,74061.0,74152.37,43456200.44996596
2026-04-14T15:00:00-04:00,74145.14,74461.01,73939.31,74299.83,80029841.59189843
2026-04-14T14:00:00-04:00,74806.0,74863.92,73874.42,74145.14,80706161.8491008
2026-04-14T13:00:00-04:00,74696.12,74994.89,74296.62,74806.0,74971202.02371648
2026-04-14T12:00:00-04:00,75361.22,75745.59,74575.35,74698.73,104307425.7872808
2026-04-14T11:00:00-04:00,75071.99,75490.01,74596.0,75361.81,84252248.1690569
2026-04-14T10:00:00-04:00,75608.99,76127.18,75070.05,75070.05,242703381.7984742
2026-04-14T09:00:00-04:00,74488.79,75612.57,74434.95,75608.99,209727015.0895149
2026-04-14T08:00:00-04:00,74409.97,74520.92,74302.04,74488.79,31224241.318354215
2026-04-14T07:00:00-04:00,74376.99,74491.92,74332.0,74409.96,26215908.860471204
2026-04-14T06:00:00-04:00,74546.65,74651.67,74369.29,74376.99,29497703.055607375
2026-04-14T05:00:00-04:00,74803.68,74872.67,74472.94,74546.65,18119504.874514688
2026-04-14T04:00:00-04:00,74590.8,74959.0,74497.04,74800.25,31561715.441091593
2026-04-14T03:00:00-04:00,74562.49,74952.0,74464.84,74590.8,24545790.01090484
2026-04-14T02:00:00-04:00,74246.04,74591.72,74246.04,74562.48,28466457.314282183
2026-04-14T01:00:00-04:00,74421.25,74470.37,74193.01,74246.04,15387068.797405083
2026-04-14T00:00:00-04:00,74474.68,74546.13,74384.25,74421.26,16017940.260840617
2026-04-13T23:00:00-04:00,74369.27,74521.1,74273.12,74474.67,16201915.556133052
2026-04-13T22:00:00-04:00,74421.22,74614.52,74318.0,74369.13,25097361.823280536
2026-04-13T21:00:00-04:00,74193.69,74472.7,73982.94,74421.21,48220212.530304246
2026-04-13T20:00:00-04:00,74448.0,74552.01,74128.11,74193.69,36305969.85762495
2026-04-13T19:00:00-04:00,74660.87,74936.9,74425.0,74446.0,65412765.80912175
2026-04-13T18:00:00-04:00,73207.12,74767.93,73200.54,74660.86,114219809.48352431
2026-04-13T17:00:00-04:00,73193.0,73397.03,73116.44,73207.1,29092278.828252662
2026-04-13T16:00:00-04:00,73368.47,73431.95,73054.24,73192.99,76076792.44609562
2026-04-13T15:00:00-04:00,72465.68,73529.27,72333.38,73373.2,100774825.32477382
2026-04-13T14:00:00-04:00,72199.48,72505.92,72112.58,72465.68,70257144.42285645
2026-04-13T13:00:00-04:00,72250.0,72633.75,72108.14,72202.02,92524828.40127857
2026-04-13T12:00:00-04:00,71894.19,72486.57,71705.63,72250.0,90881325.42424187
2026-04-13T11:00:00-04:00,72447.76,72515.42,71678.68,71894.19,119902643.71981247
2026-04-13T10:00:00-04:00,71683.37,72479.99,71439.5,72450.0,157072582.2952094
2026-04-13T09:00:00-04:00,71091.25,71714.82,70831.95,71683.38,116507291.39094964
2026-04-13T08:00:00-04:00,70943.03,71250.0,70762.64,71088.5,32028906.69515181
2026-04-13T07:00:00-04:00,70769.99,71011.35,70750.0,70942.98,10506292.389302429
2026-04-13T06:00:00-04:00,70805.99,70867.85,70695.85,70767.62,16836400.827251688
2026-04-13T05:00:00-04:00,70693.85,70923.07,70689.12,70805.99,17192782.461100128
2026-04-13T04:00:00-04:00,70842.01,70890.09,70576.27,70693.85,15344152.151154568
2026-04-13T03:00:00-04:00,71050.58,71097.6,70698.01,70842.01,10639795.703577816
2026-04-13T02:00:00-04:00,70904.07,71134.02,70898.04,71050.58,10924829.098881308
2026-04-13T01:00:00-04:00,70913.71,70943.04,70689.12,70904.06,25251202.792168655
2026-04-13T00:00:00-04:00,70995.48,71163.84,70874.04,70913.71,10936098.06847464
2026-04-12T23:00:00-04:00,71095.99,71165.75,70931.93,70998.24,10847351.326017229
2026-04-12T22:00:00-04:00,71209.06,71288.0,70998.25,71094.12,7874273.626797725
2026-04-12T21:00:00-04:00,71191.32,71249.19,71031.7,71209.06,12028433.391469473
2026-04-12T20:00:00-04:00,70755.35,71286.46,70616.81,71192.38,23929754.707085174
2026-04-12T19:00:00-04:00,70912.75,70912.75,70573.2,70755.35,18500314.744840283
2026-04-12T18:00:00-04:00,71391.19,71392.57,70512.7,70912.75,64756002.962660775
2026-04-12T17:00:00-04:00,71364.9,71478.37,71187.99,71393.04,25529690.03052341
2026-04-12T16:00:00-04:00,71121.12,71467.17,70979.45,71364.9,24944249.788888145
2026-04-12T15:00:00-04:00,71163.57,71255.45,71081.42,71121.13,14376109.124116657
2026-04-12T14:00:00-04:00,71169.59,71244.66,71077.09,71163.59,9169296.627628952
2026-04-12T13:00:00-04:00,70963.51,71225.25,70926.96,71168.12,12206036.62362211
2026-04-12T12:00:00-04:00,70922.07,70992.7,70835.54,70962.38,8455094.26490538
2026-04-12T11:00:00-04:00,70774.68,70964.84,70631.46,70922.08,12640409.70301219
2026-04-12T10:00:00-04:00,70922.3,71124.05,70725.01,70774.68,20103299.461726334
2026-04-12T09:00:00-04:00,71116.92,71170.98,70889.41,70921.91,23463408.450518485
2026-04-12T08:00:00-04:00,71495.04,71537.65,71110.0,71116.92,11684421.880944984
2026-04-12T07:00:00-04:00,71486.53,71574.83,71444.0,71495.41,15566049.646990018
2026-04-12T06:00:00-04:00,71571.84,71716.76,71389.0,71486.54,6260560.099016371
2026-04-12T05:00:00-04:00,71664.19,71666.16,71541.33,71571.84,17504982.867276683
2026-04-12T04:00:00-04:00,71707.58,71818.16,71630.28,71664.18,14162816.284357224
2026-04-12T03:00:00-04:00,71689.0,71785.63,71619.94,71707.58,4490592.662892813
2026-04-12T02:00:00-04:00,71730.01,71781.02,71680.55,71689.0,7001725.372567529
2026-04-12T01:00:00-04:00,71503.61,71816.3,71442.91,71730.02,6812704.1644030865
2026-04-12T00:00:00-04:00,71621.55,71718.27,71474.74,71503.61,7679949.827246822
2026-04-11T23:00:00-04:00,71791.75,71892.0,71621.55,71621.55,9233476.679888366
2026-04-11T22:00:00-04:00,71676.54,72002.88,71382.01,71791.75,21472836.32152238
2026-04-11T21:00:00-04:00,73112.67,73172.14,71294.05,71676.55,36265786.013361625
2026-04-11T20:00:00-04:00,73085.99,73151.97,72913.68,73112.65,23386159.0499857
2026-04-11T19:00:00-04:00,73410.48,73410.48,72952.33,73086.0,9107037.362569641
2026-04-11T18:00:00-04:00,73470.34,73602.51,73278.36,73410.49,17805651.20901138
2026-04-11T17:00:00-04:00,73333.2,73580.52,73236.98,73470.34,17212200.288949553
2026-04-11T16:00:00-04:00,73718.55,73727.26,73250.0,73333.21,31745574.33042944
2026-04-11T15:00:00-04:00,73586.02,73822.95,73504.32,73720.25,23837831.901286963
2026-04-11T14:00:00-04:00,73134.48,73749.0,73072.34,73586.02,24025787.25023166
2026-04-11T13:00:00-04:00,73076.42,73207.72,72976.7,73134.06,9291955.817519689
2026-04-11T12:00:00-04:00,72893.41,73247.97,72846.91,73076.42,9191366.674765455
2026-04-11T11:00:00-04:00,72742.57,72927.47,72709.94,72893.41,5583459.980449822
2026-04-11T10:00:00-04:00,72690.13,72809.64,72626.76,72742.56,6443928.150133763
2026-04-11T09:00:00-04:00,72972.81,72972.81,72564.35,72690.13,16692882.171283923
2026-04-11T08:00:00-04:00,72947.93,73023.19,72844.99,72972.81,6296565.0827934835
2026-04-11T07:00:00-04:00,72882.26,72953.01,72856.94,72947.62,8513099.213331062
2026-04-11T06:00:00-04:00,72953.25,72958.06,72800.52,72882.26,8598267.094472697
2026-04-11T05:00:00-04:00,72701.17,72954.0,72668.04,72953.25,16311675.882697593
2026-04-11T04:00:00-04:00,72791.85,72844.02,72677.98,72701.16,7413107.196449946
2026-04-11T03:00:00-04:00,72803.28,72875.73,72706.96,72791.84,14068160.36497348
2026-04-11T02:00:00-04:00,72763.44,72811.29,72650.0,72803.28,10149162.86041227
2026-04-11T01:00:00-04:00,72849.04,72877.44,72712.21,72763.44,10015914.895544332
2026-04-11T00:00:00-04:00,72909.53,72998.13,72720.0,72849.03,11651203.774667418
